token_id	sentence_id	token	BIO_NER_tag
0	0	#Astros	B-sportsteam
1	0	lineup	O
2	0	for	O
3	0	tonight	O
4	0	.	O
5	1	Keppinger	B-person
6	1	sits	O
7	1	,	O
8	1	Downs	B-person
9	1	plays	O
10	1	2B	O
11	1	,	O
12	1	CJ	B-person
13	1	bats	O
14	1	5th	O
15	1	.	O
16	2	@alysonfooter	O
17	2	http://bit.ly/bHvgCS	O
18	3	If	O
19	3	you	O
20	3	are	O
21	3	staying	O
22	3	in	O
23	3	Gainesville	B-geo-loc
24	3	,	O
25	3	come	O
26	3	check	O
27	3	out	O
28	3	Costa	B-facility
29	3	Lounge	I-facility
30	3	TONIGHT	O
31	3	!	O
32	4	Say	O
33	4	you	O
34	4	are	O
35	4	with	O
36	4	salsa	B-person
37	4	caliente	I-person
38	4	and	O
39	4	get	O
40	4	in	O
41	4	...	O
42	5	http://fb.me/FZVzm8H9	O
43	6	JV	B-sportsteam
44	6	soccer	I-sportsteam
45	6	leads	O
46	6	4-1	O
47	6	after	O
48	6	Benitez	B-person
49	6	scores	O
50	6	again	O
51	6	,	O
52	6	less	O
53	6	than	O
54	6	7	O
55	6	mins	O
56	6	to	O
57	6	play	O
58	6	Ah	O
59	6	a	O
60	6	Friday	O
61	6	night	O
62	6	free	O
63	6	!	O
64	7	Avin	O
65	7	a	O
66	7	drink	O
67	7	with	O
68	7	friends	O
69	7	.	O
70	8	Lent	O
71	8	the	O
72	8	T4	O
73	8	to	O
74	8	friend	O
75	8	to	O
76	8	camp	O
77	8	in	O
78	8	.	O
79	9	Off	O
80	9	camping	O
81	9	to	O
82	9	Robinhoods	B-geo-loc
83	9	bay	I-geo-loc
84	9	In	O
85	9	Jasmin	B-geo-loc
86	9	.	O
87	10	Good	O
88	10	weekend	O
89	10	Last	O
90	10	film	O
91	10	I	O
92	10	can	O
93	10	watch	O
94	10	on	O
95	10	a	O
96	10	decent	O
97	10	telly	O
98	10	for	O
99	10	a	O
100	10	while	O
101	10	tonight	O
102	10	.	O
103	11	Kick-Ass	B-movie
104	11	is	O
105	11	very	O
106	11	tempting	O
107	11	indeed	O
108	11	.	O
109	12	After	O
110	12	I	O
111	12	pet	O
112	12	a	O
113	12	kitten	O
114	12	on	O
115	12	JFK	B-person
116	12	,	O
117	12	the	O
118	12	owners	O
119	12	informed	O
120	12	me	O
121	12	it	O
122	12	's	O
123	12	'	O
124	12	double-pawed	O
125	12	'	O
126	12	(	O
127	12	polydactyl)	O
128	12	,	O
129	12	which	O
130	12	is	O
131	12	""""	O
132	12	a	O
133	12	form	O
134	12	of	O
135	12	retardation	O
136	12	in	O
137	12	the	O
138	12	animal	O
139	12	kingdom	O
140	12	""""	O
141	12	@vogueglamGIRL	O
142	12	Ah	O
143	12	I	O
144	12	know	O
145	12	!	O
146	12	She	O
147	12	is	O
148	12	simply	O
149	12	the	O
150	12	best	O
151	12	in	O
152	12	The	O
153	12	Sept	O
154	12	Issue	O
155	12	.	O
156	12	My	O
157	12	boyfriend	O
158	12	's	O
159	12	aunt	O
160	12	worked	O
161	12	for	O
162	12	Anna	B-person
163	12	Wintor	I-person
164	12	in	O
165	12	NY	O
166	12	.	O
167	12	Time	O
168	12	to	O
169	12	begin	O
170	12	looking	O
171	12	for	O
172	12	somewhere	O
173	12	to	O
174	12	live	O
175	12	around	O
176	12	Coolum	B-geo-loc
177	12	.	O
178	12	Sun	O
179	12	,	O
180	12	sand	O
181	12	,	O
182	12	surf	O
183	12	and	O
184	12	bikinis	O
185	12	.	O
186	12	Looking	O
187	12	forward	O
188	12	to	O
189	12	my	O
190	12	new	O
191	12	phase	O
192	12	in	O
193	12	life	O
194	12	.	O
195	12	Costa	O
196	12	Rican	O
197	12	group	O
198	12	CocoFunka	B-musicartist
199	12	power	O
200	12	this	O
201	12	week	O
202	12	's	O
203	12	Indiesent	B-tvshow
204	12	Exposure	I-tvshow
205	12	http://ht.ly/2G4nS	O
206	12	by	O
207	12	@fuseboxradio	O
208	12	on	O
209	12	@planetill	O
210	12	@Phoebe1_	O
211	12	and	O
212	12	i	O
213	12	also	O
214	12	loved	O
215	12	the	O
216	12	last	O
217	12	years	O
218	12	eurovision	O
219	12	entry	O
220	12	!!	O
221	12	hoppaa	O
222	12	!	O
223	12	they	O
224	12	were	O
225	12	cool	O
226	12	too	O
227	12	!!	O
228	12	@Mys_Perdita	O
229	12	ha	O
230	12	ye	O
231	12	theyr	O
232	12	may	O
233	12	be	O
234	12	severe	O
235	12	consiquences	O
236	12	of	O
237	12	our	O
238	12	meeting	O
239	12	like	O
240	12	the	O
241	12	waypeople	O
242	12	talk	O
243	12	bout	O
244	12	theday	O
245	12	sum1	O
246	12	told	O
247	12	adolf	O
248	12	he	O
249	12	wasnt	O
250	12	blond	O
251	12	enuf	O
252	12	:	O
253	12	S	O
254	12	When	O
255	12	the	O
256	12	last	O
257	12	time	O
258	12	you	O
259	12	ran	O
260	12	into	O
261	12	Rick	B-person
262	12	Ross	I-person
263	12	and	O
264	12	Drake	B-person
265	12	twice	O
266	12	in	O
267	12	the	O
268	12	same	O
269	12	day	O
270	12	at	O
271	12	2	O
272	12	diff	O
273	12	video	O
274	12	shoot	O
275	12	locations	O
276	12	.	O
277	12	Today	O
278	12	I	O
279	12	did	O
280	12	!	O
281	12	Aggressive	O
282	12	Kids	O
283	12	With	O
284	12	ADHD	B-other
285	12	May	O
286	12	Not	O
287	12	Need	O
288	12	Antipsychotic	O
289	12	Meds	O
290	12	http://t.co/JfGm0uH	O
291	12	Today	O
292	12	I	O
293	12	got	O
294	12	a	O
295	12	promotion	O
296	12	at	O
297	12	work	O
298	12	,	O
299	12	and	O
300	12	tomorrow	O
301	12	I	O
302	12	'm	O
303	12	going	O
304	12	home	O
305	12	to	O
306	12	Wisconsin	B-geo-loc
307	12	for	O
308	12	a	O
309	12	few	O
310	12	days	O
311	12	.	O
312	12	So	O
313	12	content	O
314	12	with	O
315	12	life	O
316	12	right	O
317	12	now	O
318	12	.	O
319	12	:)	O
320	12	Columbus	B-geo-loc
321	12	,	O
322	12	GA	B-geo-loc
323	12	:	O
324	12	@TimmNintey146	O
325	12	and	O
326	12	'll	O
327	12	be	O
328	12	mixing	O
329	12	an	O
330	12	80	O
331	12	's	O
332	12	and	O
333	12	other	O
334	12	throwbacks	O
335	12	dance	O
336	12	party	O
337	12	tonight	O
338	12	at	O
339	12	eighty-five	O
340	12	.	O
341	12	Come	O
342	12	kickit	O
343	12	!	O
344	12	Oh	O
345	12	before	O
346	12	I	O
347	12	forget	O
348	12	good	O
349	12	luck	O
350	12	also	O
351	12	to	O
352	12	the	O
353	12	cherry	O
354	12	and	O
355	12	whites	O
356	12	against	O
357	12	London	B-sportsteam
358	12	Irish	I-sportsteam
359	12	.	O
360	12	Only	O
361	12	a	O
362	12	win	O
363	12	will	O
364	12	do	O
365	12	.	O
366	12	Gives	O
367	12	me	O
368	12	more	O
369	12	excuses	O
370	12	to	O
371	12	celebrate	O
372	12	!	O
373	12	Yo	O
374	12	kids	O
375	12	!	O
376	12	Today	O
377	12	's	O
378	12	ACF	B-other
379	12	Friday	I-other
380	12	Large	I-other
381	12	Group	I-other
382	12	is	O
383	12	at	O
384	12	PITT	B-facility
385	12	University	I-facility
386	12	!	O
387	12	It	O
388	12	's	O
389	12	at	O
390	12	Cathedral	B-facility
391	12	of	I-facility
392	12	Learning	I-facility
393	12	G24	I-facility
394	12	at	O
395	12	7pm	O
396	12	!	O
397	12	Be	O
398	12	sure	O
399	12	to	O
400	12	check	O
401	12	it	O
402	12	out	O
403	12	!	O
404	12	dude	O
405	12	got	O
406	12	gucci	B-company
407	12	symbol	O
408	12	tatted	O
409	12	all	O
410	12	over	O
411	12	his	O
412	12	face	O
413	12	http://mediacheckout.blogspot.com/2010/09/nuh-uhhhhhhh-yesterday-we-showed-you.html	O
414	12	RT	O
415	12	@DaymiCarolina	O
416	12	:	O
417	12	Yayaayayay	O
418	12	kings	B-musicartist
419	12	of	I-musicartist
420	12	leon	I-musicartist
421	12	tonight	O
422	12	!!!	O
423	12	RT	O
424	12	@therbertson	O
425	12	:	O
426	12	Just	O
427	12	saw	O
428	12	the	O
429	12	worst	O
430	12	movie	O
431	12	in	O
432	12	years	O
433	12	...	O
434	12	Piranha	B-movie
435	12	3D	I-movie
436	12	just	O
437	12	exceeded	O
438	12	the	O
439	12	limits	O
440	12	of	O
441	12	crappyness	O
442	12	.	O
443	12	|	O
444	12	Glad	O
445	12	you	O
446	12	enjoyed	O
447	12	it	O
448	12	.	O
449	12	@pjames	O
450	12	Add	O
451	12	a	O
452	12	little	O
453	12	Belanger	O
454	12	,	O
455	12	and	O
456	12	you	O
457	12	've	O
458	12	got	O
459	12	it	O
460	12	!	O
461	12	Of	O
462	12	course	O
463	12	...	O
464	12	after	O
465	12	his	O
466	12	household	O
467	12	items	O
468	12	arrive	O
469	12	from	O
470	12	D	O
471	12	.	O
472	12	C	O
473	12	.	O
474	12	@bookpage	O
475	12	We	O
476	12	should	O
477	12	've	O
478	12	scheduled	O
479	12	a	O
480	12	meeting	O
481	12	with	O
482	12	Trisha	B-person
483	12	in	O
484	12	Paris	B-geo-loc
485	12	for	O
486	12	this	O
487	12	week	O
488	12	...	O
489	12	#deau	O
490	12	@BenArch	O
491	12	100-	O
492	12	Tim	B-person
493	12	Bulmer	I-person
494	12	had	O
495	12	a	O
496	12	100%	O
497	12	likelihood	O
498	12	of	O
499	12	getting	O
500	12	his	O
501	12	YPF	O
502	12	detail	O
503	12	form	O
504	12	in	O
505	12	this	O
506	12	week	O
507	12	.	O
508	12	Punctuality	O
509	12	.	O
510	12	RT	O
511	12	@ajc	O
512	12	:	O
513	12	Today	O
514	12	's	O
515	12	the	O
516	12	102nd	O
517	12	birthday	O
518	12	of	O
519	12	the	O
520	12	American	B-other
521	12	Professional	I-other
522	12	Football	I-other
523	12	Association	I-other
524	12	(	O
525	12	we	O
526	12	call	O
527	12	it	O
528	12	the	O
529	12	NFL)	B-other
530	12	.	O
531	12	First	O
532	12	draft	O
533	12	choice	O
534	12	:	O
535	12	Brett	B-person
536	12	Favre	I-person
537	12	.	O
538	12	A	O
539	12	FUN	O
540	12	movie	O
541	12	for	O
542	12	the	O
543	12	kids-	O
544	12	Alpha	B-movie
545	12	&	I-movie
546	12	Omega	I-movie
547	12	(	O
548	12	PG	O
549	12	)	O
550	12	Friday	O
551	12	5:00	O
552	12	,	O
553	12	7:00	O
554	12	,	O
555	12	8:45	O
556	12	,	O
557	12	Saturday-	O
558	12	1:30	O
559	12	,	O
560	12	3:15	O
561	12	,	O
562	12	5:00	O
563	12	,	O
564	12	7:00	O
565	12	,	O
566	12	8:45	O
567	12	,...	O
568	13	http://fb.me/IiraJpe3	O
569	14	I	O
570	14	may	O
571	14	have	O
572	14	been	O
573	14	wrong	O
574	14	about	O
575	14	Murkowski	B-person
576	14	,	O
577	14	look	O
578	14	like	O
579	14	she	O
580	14	's	O
581	14	going	O
582	14	to	O
583	14	turn	O
584	14	Friday	O
585	14	news	O
586	14	dump	O
587	14	on	O
588	14	its	O
589	14	head	O
590	14	.	O
591	15	three-way	O
592	15	race	O
593	15	reportedly	O
594	15	ahead	O
595	15	in	O
596	15	AK	B-geo-loc
597	15	.	O
598	16	RT	O
599	16	@HippoArmy	O
600	16	:	O
601	16	Thousands	O
602	16	of	O
603	16	angry	O
604	16	masturbators	O
605	16	marched	O
606	16	against	O
607	16	Christine	B-person
608	16	O'Donnell	I-person
609	16	today	O
610	16	http://bit.ly/9nTWQw	O
611	17	Seriously	O
612	17	.	O
613	18	Beer	O
614	18	after	O
615	18	golf	O
616	18	??	O
617	19	Give	O
618	19	me	O
619	19	a	O
620	19	hell	O
621	19	yeah	O
622	19	!!	O
623	20	(@	O
624	20	White	B-facility
625	20	Eagle	I-facility
626	20	)	O
627	20	http://4sq.com/b5Wloc	O
628	21	RT	O
629	21	@eljmayes	O
630	21	:	O
631	21	Ladbrokes	O
632	21	Labour	O
633	21	Leadership	O
634	21	Market-	O
635	21	http://bit.ly/cD3Rn8	O
636	22	Ed	B-person
637	22	Miliband	I-person
638	22	's	O
639	22	odds	O
640	22	have	O
641	22	shortened	O
642	22	significantly	O
643	22	in	O
644	22	the	O
645	22	last	O
646	22	week	O
647	22	.	O
648	23	;	O
649	23	I	O
650	23	can	O
651	23	upgrade	O
652	23	to	O
653	23	a	O
654	23	BlackBerry	B-product
655	23	in	O
656	23	November	O
657	23	!!	O
658	24	Yesss	O
659	24	.	O
660	25	<	O
661	25	3	O
662	25	BB	B-product
663	25	Bold	I-product
664	25	,	O
665	25	here	O
666	25	I	O
667	25	come	O
668	25	!	O
669	26	Driving	O
670	26	,	O
671	26	driving	O
672	26	,	O
673	26	driving	O
674	26	away	O
675	26	to	O
676	26	Phil	B-geo-loc
677	26	.	O
678	27	Tasty	O
679	27	dinner	O
680	27	tonight	O
681	27	with	O
682	27	the	O
683	27	Society	B-other
684	27	of	I-other
685	27	Mining	I-other
686	27	and	I-other
687	27	Metallurgy	I-other
688	27	Engineers	I-other
689	27	.	O
690	28	moving	O
691	28	to	O
692	28	the	O
693	28	UK	B-geo-loc
694	28	in	O
695	28	approx	O
696	28	12	O
697	28	days	O
698	28	Lingerie	B-other
699	28	football	I-other
700	28	league	I-other
701	28	come	O
702	28	on	O
703	28	tonight	O
704	28	On	O
705	28	Thanksgiving	B-other
706	28	after	O
707	28	you	O
708	28	done	O
709	28	eating	O
710	28	its	O
711	28	#TimeToGetOut	O
712	28	unless	O
713	28	you	O
714	28	wanna	O
715	28	help	O
716	28	with	O
717	28	the	O
718	28	dishes	O
719	28	I	O
720	28	want	O
721	28	it	O
722	28	NOW	O
723	28	!	O
724	29	;)	O
725	29	RT	O
726	29	:	O
727	29	@corsairartisan	O
728	29	Pumpkin	B-product
729	29	Moonshine	I-product
730	29	has	O
731	29	arrived	O
732	29	in	O
733	29	Nashville	B-geo-loc
734	29	--	O
735	29	Give	O
736	29	it	O
737	29	a	O
738	29	week	O
739	29	to	O
740	29	get	O
741	29	it	O
742	29	in	O
743	29	stores	O
744	29	.	O
745	30	KY	B-geo-loc
746	30	ships	O
747	30	next	O
748	30	week	O
749	30	!	O
750	31	Check	O
751	31	this	O
752	31	video	O
753	31	out	O
754	31	--	O
755	31	Three	B-musicartist
756	31	Days	I-musicartist
757	31	Grace	I-musicartist
758	31	-	O
759	31	Break	O
760	31	(	O
761	31	Official	O
762	31	Music	O
763	31	Video	O
764	31	)	O
765	31	[	O
766	31	HQ	O
767	31	]	O
768	31	http://t.co/GOwCLQJ	O
769	32	via	O
770	32	@youtube	O
771	32	The	B-facility
772	32	Metro	I-facility
773	32	Sept	O
774	32	26	O
775	32	Mannie	B-person
776	32	Fresh	I-person
777	32	and	O
778	32	Jermaine	B-person
779	32	Dupri	I-person
780	32	fa	O
781	32	da	O
782	32	after	O
783	32	party	O
784	32	,	O
785	32	holla	O
786	32	at	O
787	32	me	O
788	32	fa	O
789	32	ur	O
790	32	tickets	O
791	32	Yahoo	B-company
792	32	:	O
793	32	Jackie	B-person
794	32	joins	O
795	32	Twitter	B-company
796	32	50	O
797	32	years	O
798	32	after	O
799	32	JFK	B-person
800	32	campaign	O
801	32	:	O
802	32	Had	O
803	32	Twitter	B-company
804	32	been	O
805	32	an	O
806	32	option	O
807	32	in	O
808	32	1960	O
809	32	,	O
810	32	a	O
811	32	pregnant	O
812	32	Jacquelin	B-person
813	32	...	O
814	33	http://yhoo.it/9VAD4A	O
815	34	Cant	O
816	34	wait	O
817	34	for	O
818	34	the	O
819	34	ravens	B-sportsteam
820	34	game	O
821	34	tomorrow	O
822	34	....	O
823	35	go	O
824	35	ray	B-person
825	35	rice	I-person
826	35	!!!!!!!	O
827	36	Always	O
828	36	kinda	O
829	36	awkward	O
830	36	when	O
831	36	you	O
832	36	get	O
833	36	the	O
834	36	chat	O
835	36	group	O
836	36	wrong	O
837	36	in	O
838	36	WoW	B-product
839	36	.	O
840	37	Sometimes	O
841	37	you	O
842	37	don't	O
843	37	want	O
844	37	the	O
845	37	tank	O
846	37	to	O
847	37	know	O
848	37	you're	O
849	37	dissin	O
850	37	'	O
851	37	him	O
852	37	.	O
853	38	Oops	O
854	38	.	O
855	39	Wtf	O
856	39	do	O
857	39	i	O
858	39	have	O
859	39	a	O
860	39	stupid	O
861	39	3hr	O
862	39	shift	O
863	39	tonight	O
864	39	!!	O
865	40	I	O
866	40	wanna	O
867	40	go	O
868	40	out	O
869	40	and	O
870	40	have	O
871	40	fun	O
872	40	:(	O
873	40	Oh	O
874	40	well	O
875	40	time	O
876	40	to	O
877	40	watch	O
878	40	some	O
879	40	Jersey	B-tvshow
880	40	Shore	I-tvshow
881	40	haha	O
882	40	At	O
883	40	7pm	O
884	40	we'll	O
885	40	show	O
886	40	the	O
887	40	Awarded	O
888	40	movie	O
889	40	""""	O
890	40	Agora	B-movie
891	40	""""	O
892	40	by	O
893	40	Spanish	O
894	40	director	O
895	40	Alex	B-person
896	40	Amenabar	I-person
897	40	who	O
898	40	directed	O
899	40	""""	O
900	40	Mar	B-movie
901	40	Adentro	I-movie
902	40	""""	O
903	40	(	O
904	40	""""	O
905	40	The	B-movie
906	40	Sea	I-movie
907	40	Inside	I-movie
908	40	""""	O
909	40	)	O
910	40	.	O
911	41	W/Rachel	B-person
912	41	Weisz	I-person
913	41	.	O
914	42	Men	O
915	42	's	O
916	42	soccer	O
917	42	vs	O
918	42	.	O
919	43	Crown	B-sportsteam
920	43	College	I-sportsteam
921	43	at	O
922	43	home	O
923	43	tomorrow	O
924	43	at	O
925	43	2	O
926	43	pm	O
927	43	.	O
928	44	Come	O
929	44	support	O
930	44	your	O
931	44	Eagles	B-sportsteam
932	44	!	O
933	45	Praying	O
934	45	for	O
935	45	you	O
936	45	guys	O
937	45	!	O
938	46	#aberdeen	O
939	46	RT	O
940	46	@flook_firehose2010Polar	O
941	46	Bear	O
942	46	http://flook.it/c/1H1HZq	O
943	47	Sun	O
944	47	,	O
945	47	17	O
946	47	Oct	O
947	47	2010	O
948	47	at	O
949	47	10:28	O
950	47	am	O
951	47	The	O
952	47	Tunnels	O
953	47	Carnegies	O
954	47	Brae	O
955	47	Aberdeen	O
956	47	Un	O
957	47	...	O
958	48	Checking	O
959	48	out	O
960	48	this	O
961	48	weeks	O
962	48	tell	O
963	48	'	O
964	48	em	O
965	48	Steve	B-person
966	48	Dave	I-person
967	48	Podcast	O
968	48	@MakethisRalate	O
969	48	good	O
970	48	luck	O
971	48	at	O
972	48	Elliot	O
973	48	Miner	O
974	48	:D	O
975	48	yous	O
976	48	were	O
977	48	greaaaat	O
978	48	tonight	O
979	48	<	O
980	48	3	O
981	48	xx	O
982	48	http://bit.ly/aTTQYq	O
983	49	When	O
984	49	Pepsi	B-company
985	49	to	O
986	49	ring	O
987	49	usually	O
988	49	confirm	O
989	49	to	O
990	49	,	O
991	49	winning	O
992	49	a	O
993	49	Nokia	B-product
994	49	5800	I-product
995	49	?	O
996	50	Exclusive	O
997	50	:	O
998	50	Rep	O
999	50	.	O
1000	51	Steve	B-person
1001	51	King	I-person
1002	51	on	O
1003	51	ObamaCare	O
1004	51	,	O
1005	51	Tea	O
1006	51	Party	O
1007	51	,	O
1008	51	and	O
1009	51	Constitution	B-other
1010	51	Day	I-other
1011	51	:	O
1012	51	The	O
1013	51	inclusion	O
1014	51	of	O
1015	51	the	O
1016	51	Tenth	O
1017	51	Amendment	O
1018	51	in	O
1019	51	...	O
1020	52	http://bit.ly/cYITA8	O
1021	53	Google	B-product
1022	53	Music	I-product
1023	53	Rumors	O
1024	53	:	O
1025	53	Labels	O
1026	53	Happy	O
1027	53	About	O
1028	53	iTunes	B-company
1029	53	Alternative	O
1030	53	?	O
1031	54	-	O
1032	54	Techland	B-company
1033	54	-	O
1034	54	TIME	O
1035	54	.	O
1036	55	com	O
1037	55	http://bit.ly/a4kSfV	O
1038	56	I	O
1039	56	liked	O
1040	56	a	O
1041	56	YouTube	B-company
1042	56	video	O
1043	56	--	O
1044	56	Family	B-tvshow
1045	56	Guy	I-tvshow
1046	56	-	O
1047	56	Songs	O
1048	56	Named	O
1049	56	After	O
1050	56	a	O
1051	56	Girl	O
1052	56	http://youtu.be/ErPsx8zdnX4?a	O
1053	57	In	O
1054	57	bed	O
1055	57	watching	O
1056	57	Day	O
1057	57	51	O
1058	57	HLs	O
1059	57	.	O
1060	58	(	O
1061	58	Awaiting	O
1062	58	Marcus	B-person
1063	58	Bentley	I-person
1064	58	!	O
1065	58	)	O
1066	58	#BB11	B-tvshow
1067	58	Small	O
1068	58	Biz	O
1069	58	Tech	O
1070	58	Tour	O
1071	58	2010	O
1072	58	Launches	O
1073	58	Five	O
1074	58	City	O
1075	58	Tour	O
1076	58	MONTCLAIR	B-geo-loc
1077	58	N.J.	B-geo-loc
1078	59	...:	O
1079	60	The	O
1080	60	all	O
1081	60	day	O
1082	60	event	O
1083	60	features	O
1084	60	America's...	O
1085	61	http://tinyurl.com/28hd9fu	O
1086	62	#fb	O
1087	62	After	O
1088	62	a	O
1089	62	great	O
1090	62	two	O
1091	62	days	O
1092	62	of	O
1093	62	meetings	O
1094	62	with	O
1095	62	Houston	B-geo-loc
1096	62	,	O
1097	62	Fes	B-person
1098	62	is	O
1099	62	back	O
1100	62	in	O
1101	62	Salt	B-geo-loc
1102	62	Lake	I-geo-loc
1103	62	.	O
1104	63	Find	O
1105	63	us	O
1106	63	at	O
1107	63	Tipitina	B-facility
1108	63	's	O
1109	63	tonight	O
1110	63	and	O
1111	63	mention	O
1112	63	that	O
1113	63	you're	O
1114	63	following	O
1115	63	us	O
1116	63	on	O
1117	63	Twitter	B-company
1118	63	and	O
1119	63	get	O
1120	63	a	O
1121	63	FREE	O
1122	63	Fried	O
1123	63	Mac	O
1124	63	N	O
1125	63	'	O
1126	63	Cheese	O
1127	63	ball	O
1128	63	with	O
1129	63	any	O
1130	63	order	O
1131	63	!	O
1132	64	Not	O
1133	64	only	O
1134	64	is	O
1135	64	it	O
1136	64	#BattlestarGalactica	O
1137	64	's	O
1138	64	32nd	O
1139	64	Anniversary	O
1140	64	,	O
1141	64	tonite	O
1142	64	is	O
1143	64	the	O
1144	64	3rd	O
1145	64	season	O
1146	64	premiere	O
1147	64	of	O
1148	64	#StarWars	O
1149	64	#TheCloneWars	O
1150	64	!!	O
1151	65	You	O
1152	65	Get	O
1153	65	What	O
1154	65	You	O
1155	65	Give	O
1156	65	~	O
1157	65	Zac	B-musicartist
1158	65	Brown	I-musicartist
1159	65	Band	I-musicartist
1160	65	40	O
1161	65	days	O
1162	65	in	O
1163	65	the	O
1164	65	top	O
1165	65	100	O
1166	65	Release	O
1167	65	Date	O
1168	65	:	O
1169	65	September	O
1170	65	21	O
1171	65	,	O
1172	65	2010Buy	O
1173	65	new	O
1174	65	:	O
1175	65	$	O
1176	65	18.98	O
1177	66	$	O
1178	66	...	O
1179	67	http://amzn.to/9Cfkpc	O
1180	68	Greek	B-other
1181	68	Festival	I-other
1182	68	at	O
1183	68	St	B-geo-loc
1184	68	Johns	I-geo-loc
1185	68	before	O
1186	68	ASPEN	B-geo-loc
1187	68	Snooth	O
1188	68	Talk	O
1189	68	:	O
1190	68	Zinfandel	O
1191	68	Port	O
1192	68	:	O
1193	68	This	O
1194	68	week	O
1195	68	is	O
1196	68	all	O
1197	68	about	O
1198	68	Zinfandel	O
1199	68	,	O
1200	68	and	O
1201	68	just	O
1202	68	last	O
1203	68	night	O
1204	68	I	O
1205	68	released	O
1206	68	a	O
1207	68	post	O
1208	68	on	O
1209	68	Zinfandel	O
1210	68	...	O
1211	69	http://bit.ly/972Sik	O
1212	70	After	B-product
1213	70	Eventide	I-product
1214	70	(	O
1215	70	Kindle	B-product
1216	70	Edition)By	O
1217	70	Catherine	B-person
1218	70	Olson	I-person
1219	70	Buy	O
1220	70	new	O
1221	70	:	O
1222	70	$	O
1223	70	6.49	O
1224	70	Customer	O
1225	70	R	O
1226	70	...	O
1227	70	http://tinyurl.com/25e59fk	O
1228	70	#twilight	O
1229	70	Jessica	B-person
1230	70	Simpson	I-person
1231	70	is	O
1232	70	PREGNANT	O
1233	70	!?!:	O
1234	70	Jessica	B-person
1235	70	Simpson	I-person
1236	70	is	O
1237	70	pregnant	O
1238	70	??	O
1239	70	Simpson	B-person
1240	70	is	O
1241	70	pregnant	O
1242	70	with	O
1243	70	her	O
1244	70	barely	O
1245	70	4-month	O
1246	70	boyfrien	O
1247	70	...	O
1248	70	http://bit.ly/aoempS	O
1249	70	Don	B-person
1250	70	Mattingly	I-person
1251	70	will	O
1252	70	replace	O
1253	70	Joe	B-person
1254	70	Torre	I-person
1255	70	as	O
1256	70	LA	B-sportsteam
1257	70	Dodgers	I-sportsteam
1258	70	manager	O
1259	70	after	O
1260	70	this	O
1261	70	season	O
1262	70	last	O
1263	70	day	O
1264	70	of	O
1265	70	sorting	O
1266	70	pope	B-person
1267	70	visit	O
1268	70	to	O
1269	70	birmingham	B-geo-loc
1270	70	stuff	O
1271	70	out	O
1272	70	.....	O
1273	70	hope	O
1274	70	it	O
1275	70	goes	O
1276	70	ok	O
1277	70	on	O
1278	70	sunday	O
1279	70	!!	O
1280	70	QUAKE	O
1281	70	:	O
1282	70	Mag	O
1283	70	4.5	O
1284	70	,	O
1285	70	Saturday	O
1286	70	,	O
1287	70	September	O
1288	70	18	O
1289	70	2010	O
1290	70	at	O
1291	70	10:03	O
1292	70	am	O
1293	70	(	O
1294	70	NZST)	O
1295	70	,	O
1296	70	20	O
1297	70	km	O
1298	70	south-west	O
1299	70	of	O
1300	70	Christchurch	B-geo-loc
1301	70	.	O
1302	70	http://tinyurl.com/265n4mx	O
1303	70	#eqnz	O
1304	70	Day	O
1305	70	three	O
1306	70	of	O
1307	70	St	B-other
1308	70	John	I-other
1309	70	's	I-other
1310	70	wort	I-other
1311	70	tea	O
1312	70	for	O
1313	70	anxiety	O
1314	70	.	O
1315	70	So	O
1316	70	far	O
1317	70	today	O
1318	70	I	O
1319	70	havent	O
1320	70	had	O
1321	70	a	O
1322	70	panic	O
1323	70	attack...we'll	O
1324	70	see	O
1325	70	if	O
1326	70	this	O
1327	70	works	O
1328	70	!	O
1329	70	PLANO	B-other
1330	70	BALLOON	I-other
1331	70	FESTIVAL	I-other
1332	70	2010	I-other
1333	70	TO	O
1334	70	START	O
1335	70	TODAY	O
1336	70	:	O
1337	70	The	B-other
1338	70	31st	I-other
1339	70	annual	I-other
1340	70	Plano	I-other
1341	70	Balloon	I-other
1342	70	Festival	I-other
1343	70	,	O
1344	70	Plano	B-other
1345	70	Balloon	I-other
1346	70	Festival	I-other
1347	70	2	O
1348	70	...	O
1349	70	http://tinyurl.com/22kg6uz	O
1350	70	Amber	B-person
1351	70	Le	I-person
1352	70	Bon	I-person
1353	70	is	O
1354	70	to	O
1355	70	walk	O
1356	70	in	O
1357	70	Giles	B-person
1358	70	Deacon	I-person
1359	70	's	O
1360	70	Monday	O
1361	70	LFW	O
1362	70	show	O
1363	70	Xbox	B-product
1364	70	360	I-product
1365	70	:	O
1366	70	Enslaved	B-product
1367	70	:	I-product
1368	70	Odyssey	I-product
1369	70	to	I-product
1370	70	the	I-product
1371	70	West	I-product
1372	70	Demo	O
1373	70	Coming	O
1374	70	to	O
1375	70	PlayStation	B-product
1376	70	Network	I-product
1377	70	on	O
1378	70	September	O
1379	70	...	O
1380	70	http://bit.ly/9gFTHn	O
1381	70	Home	O
1382	70	made	O
1383	70	cod	O
1384	70	&	O
1385	70	chips	O
1386	70	+	O
1387	70	bottle	O
1388	70	of	O
1389	70	Microsoft	B-company
1390	70	provided	O
1391	70	champagne	O
1392	70	=	O
1393	70	top	O
1394	70	class	O
1395	70	Friday	O
1396	70	;-)	O
1397	70	Is	O
1398	70	all	O
1399	70	done	O
1400	70	getting	O
1401	70	things	O
1402	70	set	O
1403	70	up	O
1404	70	for	O
1405	70	the	O
1406	70	Ultimate	B-other
1407	70	Magic	I-other
1408	70	playtest	O
1409	70	that	O
1410	70	starts	O
1411	70	on	O
1412	70	Monday	O
1413	70	.	O
1414	70	Ca	O
1415	70	n't	O
1416	70	wait	O
1417	70	to	O
1418	70	see	O
1419	70	what	O
1420	70	people	O
1421	70	think	O
1422	70	.	O
1423	70	The	B-musicartist
1424	70	Maccabees	I-musicartist
1425	70	are	O
1426	70	the	O
1427	70	love	O
1428	70	of	O
1429	70	my	O
1430	70	life	O
1431	70	.	O
1432	70	one	O
1433	70	day	O
1434	70	i	O
1435	70	will	O
1436	70	be	O
1437	70	married	O
1438	70	to	O
1439	70	all	O
1440	70	of	O
1441	70	them	O
1442	70	.	O
1443	70	Mayday	O
1444	70	Parade	O
1445	70	&	O
1446	70	The	O
1447	70	Maine	O
1448	70	in	O
1449	70	like	O
1450	70	16	O
1451	70	days	O
1452	70	,	O
1453	70	excitedddd	O
1454	70	.	O
1455	70	All	O
1456	70	time	O
1457	70	low	O
1458	70	next	O
1459	70	year	O
1460	70	,	O
1461	70	maybe	O
1462	70	.	O
1463	70	Amazon	B-company
1464	70	U.K.	I-company
1465	70	Offering	O
1466	70	HTC	B-product
1467	70	Desire	I-product
1468	70	Z	I-product
1469	70	Unlocked	O
1470	70	October	O
1471	70	11	O
1472	70	:	O
1473	70	We	O
1474	70	just	O
1475	70	got	O
1476	70	official	O
1477	70	word	O
1478	70	of	O
1479	70	the	O
1480	70	HTC	B-product
1481	70	Desire	I-product
1482	70	Z	I-product
1483	70	earlier	O
1484	70	in	O
1485	70	Lo	O
1486	70	...	O
1487	70	http://bit.ly/bsyz9H	O
1488	70	@therowdydog	O
1489	70	Me	O
1490	70	neither	O
1491	70	.	O
1492	70	It	O
1493	70	's	O
1494	70	tough	O
1495	70	to	O
1496	70	get	O
1497	70	away	O
1498	70	.	O
1499	70	There	O
1500	70	is	O
1501	70	one	O
1502	70	Tuesday	O
1503	70	in	O
1504	70	AUS	B-geo-loc
1505	70	and	O
1506	70	the	O
1507	70	one	O
1508	70	in	O
1509	70	RR	B-geo-loc
1510	70	on	O
1511	70	Friday	O
1512	70	.	O
1513	70	We	O
1514	70	should	O
1515	70	go	O
1516	70	so	O
1517	70	I	O
1518	70	have	O
1519	70	a	O
1520	70	friend	O
1521	70	!	O
1522	70	RT	O
1523	70	@Quotealicious	O
1524	70	:	O
1525	70	Today	O
1526	70	,	O
1527	70	I	O
1528	70	saw	O
1529	70	a	O
1530	70	guy	O
1531	70	driving	O
1532	70	a	O
1533	70	Pepsi	B-company
1534	70	truck	O
1535	70	,	O
1536	70	drinking	O
1537	70	a	O
1538	70	Coke	B-product
1539	70	.	O
1540	70	MLIA	O
1541	70	#Quotealicious	O
1542	70	I	O
1543	70	've	O
1544	70	just	O
1545	70	watched	O
1546	70	first	O
1547	70	four	O
1548	70	episodes	O
1549	70	of	O
1550	70	K-On	B-tvshow
1551	70	for	O
1552	70	the	O
1553	70	first	O
1554	70	time	O
1555	70	!	O
1556	70	:	O
1557	70	3	O
1558	70	AI	O
1559	70	:	O
1560	70	DEMAND	O
1561	70	RELEASE	O
1562	70	FOR	O
1563	70	SYRIAN	O
1564	70	BLOGGER	O
1565	70	:	O
1566	70	17-9-2010Tal	O
1567	70	al-Mallohi	B-person
1568	70	,	O
1569	70	a	O
1570	70	19-year-old	O
1571	70	Syrian	O
1572	70	woman	O
1573	70	,	O
1574	70	has	O
1575	70	been	O
1576	70	held	O
1577	70	incommun	O
1578	70	...	O
1579	70	http://bit.ly/aDG3ub	O
1580	70	Y	B-musicartist
1581	70	La	I-musicartist
1582	70	Bamba	I-musicartist
1583	70	:	O
1584	70	Playing	O
1585	70	a	O
1586	70	show	O
1587	70	in	O
1588	70	Portland	B-geo-loc
1589	70	,	O
1590	70	OR	O
1591	70	at	O
1592	70	9:00	O
1593	70	PM	O
1594	70	today	O
1595	70	at	O
1596	70	Mississippi	B-facility
1597	70	Studios	I-facility
1598	70	http://artistdata.com/a/1kdx	O
1599	70	@aplusk	O
1600	70	http://www.youtube.com/watch?v=eLMui7zBiXo	O
1601	70	we	O
1602	70	beat	O
1603	70	kilkenny	B-geo-loc
1604	70	after	O
1605	70	they	O
1606	70	beat	O
1607	70	us	O
1608	70	for	O
1609	70	the	O
1610	70	last	O
1611	70	4	O
1612	70	years	O
1613	70	in	O
1614	70	the	O
1615	70	hurling	O
1616	70	.	O
1617	70	Woo	O
1618	70	!!!	O
1619	70	@joejonas	O
1620	70	@nickjonas	O
1621	70	@kevinjonas	O
1622	70	@papajonas	O
1623	70	@greggarbo	O
1624	70	@johnlloydtaylor	O
1625	70	Rock	O
1626	70	to	O
1627	70	SECTION	O
1628	70	204	O
1629	70	tonight	O
1630	70	!!!!	O
1631	70	Israel	B-geo-loc
1632	70	grinds	O
1633	70	to	O
1634	70	a	O
1635	70	halt	O
1636	70	for	O
1637	70	Yom	B-other
1638	70	Kippur	I-other
1639	70	fasting	O
1640	70	day	O
1641	70	(	O
1642	70	wwrn.org	O
1643	70	)	O
1644	70	http://bit.ly/cqlwCZ	O
1645	71	Honored	O
1646	71	Double	O
1647	71	Diaomond	O
1648	71	as	O
1649	71	well	O
1650	71	:	O
1651	71	Jan	B-person
1652	71	Bloom	I-person
1653	71	...	O
1654	72	her	O
1655	72	two	O
1656	72	beautiful	O
1657	72	daughters	O
1658	72	surprised	O
1659	72	her	O
1660	72	on	O
1661	72	stage	O
1662	72	,	O
1663	72	it	O
1664	72	was	O
1665	72	just	O
1666	72	sooo	O
1667	72	...	O
1668	73	http://fb.me/JLLhbDl0	O
1669	74	Cowboy	O
1670	74	fans	O
1671	74	remember	O
1672	74	when	O
1673	74	Da	B-sportsteam
1674	74	Bears	I-sportsteam
1675	74	demolished	O
1676	74	you	O
1677	74	guys	O
1678	74	44-0	O
1679	74	in	O
1680	74	your	O
1681	74	own	O
1682	74	home	O
1683	74	in	O
1684	74	1985	O
1685	74	??	O
1686	75	same	O
1687	75	year	O
1688	75	we	O
1689	75	won	O
1690	75	the	O
1691	75	superbowl	O
1692	75	!	O
1693	76	#BEARDOWN	O
1694	76	Season	O
1695	76	opener	O
1696	76	for	O
1697	76	Bradley	B-sportsteam
1698	76	Soccer	I-sportsteam
1699	76	tonight	O
1700	76	!	O
1701	77	USM	B-other
1702	77	get	O
1703	77	ready	O
1704	77	yours	O
1705	77	truly	O
1706	77	tonight	O
1707	77	at	O
1708	77	frat	B-facility
1709	77	house	I-facility
1710	77	Hattiesburg	I-facility
1711	77	on	O
1712	77	the	O
1713	77	1s	O
1714	77	n	O
1715	77	2s	O
1716	77	!!	O
1717	78	Can	O
1718	78	your	O
1719	78	CMS	O
1720	78	guarantee	O
1721	78	pixel-precise	O
1722	78	output	O
1723	78	when	O
1724	78	compared	O
1725	78	to	O
1726	78	our	O
1727	78	MS-Paint	O
1728	78	designs	O
1729	78	?	O
1730	79	#cmsretractions	O
1731	79	For	O
1732	79	code	O
1733	79	I	O
1734	79	've	O
1735	79	written	O
1736	79	since	O
1737	79	Sept	O
1738	79	'	O
1739	79	9	O
1740	79	,	O
1741	79	the	O
1742	79	delay	O
1743	79	between	O
1744	79	commit	O
1745	79	to	O
1746	79	SCM	O
1747	79	and	O
1748	79	running	O
1749	79	on	O
1750	79	customer	O
1751	79	hardware	O
1752	79	has	O
1753	79	been	O
1754	79	about	O
1755	79	10	O
1756	79	days	O
1757	79	.	O
1758	80	@ChefGuyFieri	O
1759	80	Pls	O
1760	80	RT	O
1761	80	-	O
1762	80	NIGHT	O
1763	80	golf	O
1764	80	tournament	O
1765	80	9/25	O
1766	80	to	O
1767	80	benefit	O
1768	80	3	O
1769	80	year	O
1770	80	old	O
1771	80	Penny	B-person
1772	80	of	O
1773	80	Mesa	B-geo-loc
1774	80	,	O
1775	80	AZ	B-geo-loc
1776	80	who	O
1777	80	had	O
1778	80	heart	O
1779	80	transplant	O
1780	80	.	O
1781	81	www.flancers.com	O
1782	82	4	O
1783	82	info	O
1784	82	RT	O
1785	82	@CHRIS_Daughtry	O
1786	82	:	O
1787	82	We're	O
1788	82	playing	O
1789	82	a	O
1790	82	show	O
1791	82	with	O
1792	82	KISS	B-musicartist
1793	82	tomorrow	O
1794	82	.	O
1795	83	Can't	O
1796	83	say	O
1797	83	I	O
1798	83	saw	O
1799	83	that	O
1800	83	coming	O
1801	83	5	O
1802	83	years	O
1803	83	ago	O
1804	83	...	O
1805	84	Business	B-company
1806	84	Alliance	I-company
1807	84	will	O
1808	84	save	O
1809	84	you	O
1810	84	time	O
1811	84	and	O
1812	84	money	O
1813	84	and	O
1814	84	most	O
1815	84	importantly	O
1816	84	,	O
1817	84	match	O
1818	84	you	O
1819	84	with	O
1820	84	the	O
1821	84	right	O
1822	84	franchise	O
1823	84	.	O
1824	85	check	O
1825	85	out	O
1826	85	at	O
1827	85	http://ow.ly/2kt2M	O
1828	86	before	O
1829	86	the	O
1830	86	season	O
1831	86	even	O
1832	86	starts	O
1833	86	i	O
1834	86	will	O
1835	86	not	O
1836	86	respond	O
1837	86	to	O
1838	86	any	O
1839	86	new	O
1840	86	found	O
1841	86	miami	B-sportsteam
1842	86	heat	I-sportsteam
1843	86	fans	O
1844	86	...	O
1845	87	Winner	O
1846	87	will	O
1847	87	be	O
1848	87	chosen	O
1849	87	Monday	O
1850	87	morning	O
1851	87	.	O
1852	88	Get	O
1853	88	your	O
1854	88	caption	O
1855	88	in	O
1856	88	the	O
1857	88	funny	O
1858	88	photo	O
1859	88	caption	O
1860	88	contest-	O
1861	88	Nadal	B-person
1862	88	and	O
1863	88	Novak	B-person
1864	88	in	O
1865	88	the	O
1866	88	tub	O
1867	88	http://ow.ly/2G3Jh	O
1868	89	@bowlerhatlover	O
1869	89	Been	O
1870	89	trying	O
1871	89	to	O
1872	89	find	O
1873	89	a	O
1874	89	copy	O
1875	89	of	O
1876	89	""""	O
1877	89	Nostalgia	B-product
1878	89	""""	O
1879	89	for	O
1880	89	years	O
1881	89	.	O
1882	90	http://hollisframpton.org.uk/	O
1883	91	@NeilPen	O
1884	91	I	O
1885	91	position	O
1886	91	to	O
1887	91	Manchester	B-geo-loc
1888	91	tomorrow	O
1889	91	on	O
1890	91	BA	O
1891	91	2910	O
1892	91	and	O
1893	91	fly	O
1894	91	to	O
1895	91	Barbados	B-geo-loc
1896	91	on	O
1897	91	Sunday	O
1898	91	#news	O
1899	91	Dems	B-other
1900	91	to	O
1901	91	voters	O
1902	91	:	O
1903	91	You	O
1904	91	may	O
1905	91	hate	O
1906	91	us	O
1907	91	,	O
1908	91	but	O
1909	91	GOP	B-other
1910	91	is	O
1911	91	worse	O
1912	91	(	O
1913	91	AP	B-other
1914	91	)	O
1915	91	(	O
1916	91	Yahoo	B-company
1917	91	!	O
1918	91	)	O
1919	91	:	O
1920	91	Share	O
1921	91	With	O
1922	91	Friends	O
1923	91	:	O
1924	91	|	O
1925	91	Latest	O
1926	91	Top	O
1927	91	Ne	O
1928	91	...	O
1929	92	http://adpro.co/aQxQtY	O
1930	93	Jupiter	B-geo-loc
1931	93	:	O
1932	93	Closest	O
1933	93	Approach	O
1934	93	in	O
1935	93	Nearly	O
1936	93	50	O
1937	93	years	O
1938	93	.	O
1939	94	Catch	O
1940	94	it	O
1941	94	nxt	O
1942	94	week	O
1943	94	.	O
1944	95	It	O
1945	95	wnt	O
1946	95	B	O
1947	95	that	O
1948	95	big	O
1949	95	or	O
1950	95	bright	O
1951	95	again	O
1952	95	til	O
1953	95	2022	O
1954	95	http://bit.ly/d5Bzx7	O
1955	96	I	O
1956	96	just	O
1957	96	took	O
1958	96	""""	O
1959	96	When	O
1960	96	your	O
1961	96	mom	O
1962	96	makes	O
1963	96	you	O
1964	96	go	O
1965	96	live	O
1966	96	with	O
1967	96	your	O
1968	96	dad	O
1969	96	Scooter	B-person
1970	96	Braun	I-person
1971	96	,	O
1972	96	your	O
1973	96	life	O
1974	96	"..."""	O
1975	97	and	O
1976	97	got	O
1977	97	:	O
1978	97	Part	O
1979	97	7	O
1980	97	!	O
1981	98	Try	O
1982	98	it	O
1983	98	:	O
1984	98	http://tinyurl.com/27r2pdz	O
1985	99	What	O
1986	99	Do	O
1987	99	S.F.	B-geo-loc
1988	100	Rabbis	O
1989	100	Eat	O
1990	100	Before	O
1991	100	and	O
1992	100	After	O
1993	100	Yom	B-other
1994	100	Kippur	I-other
1995	100	?	O
1996	101	We	O
1997	101	Asked	O
1998	101	Five	O
1999	101	to	O
2000	101	Enlighten	O
2001	101	Us	O
2002	101	!	O
2003	102	via	O
2004	102	@SFoodie	O
2005	102	http://bit.ly/aQrFUz	O
2006	103	Pope	B-person
2007	103	Benedict	I-person
2008	103	trip	O
2009	103	:	O
2010	103	Why	O
2011	103	move	O
2012	103	John	B-person
2013	103	Henry	I-person
2014	103	Newman	I-person
2015	103	toward	O
2016	103	sainthood	O
2017	103	?:	O
2018	104	Pope	B-person
2019	104	Benedict	I-person
2020	104	XVI	I-person
2021	104	plans	O
2022	104	on	O
2023	104	Sunday	O
2024	104	during	O
2025	104	his	O
2026	104	sta	O
2027	104	...	O
2028	105	http://bit.ly/d7tM0r	O
2029	106	@ohy22SD	O
2030	106	Hopefully	O
2031	106	the	O
2032	106	Force	O
2033	106	will	O
2034	106	be	O
2035	106	VERY	O
2036	106	strong	O
2037	106	with	O
2038	106	the	O
2039	106	#Padres	B-sportsteam
2040	106	tonight	O
2041	106	.	O
2042	107	We	O
2043	107	NEED	O
2044	107	a	O
2045	107	win	O
2046	107	.	O
2047	108	#ScoreSomeRuns	O
2048	108	Gotta	O
2049	108	love	O
2050	108	the	O
2051	108	bumper	O
2052	108	stickers	O
2053	108	of	O
2054	108	Fayette	B-geo-loc
2055	108	County	I-geo-loc
2056	108	:	O
2057	108	""""	O
2058	108	Ever	O
2059	108	wonder	O
2060	108	if	O
2061	108	there	O
2062	108	is	O
2063	108	life	O
2064	108	after	O
2065	108	death	O
2066	108	?	O
2067	109	Touch	O
2068	109	my	O
2069	109	truck	O
2070	109	and	O
2071	109	'll	O
2072	109	find	O
2073	109	out	O
2074	109	"."""	O
2075	110	@themayorpete	O
2076	110	I	O
2077	110	split	O
2078	110	my	O
2079	110	time	O
2080	110	now	O
2081	110	btwn	O
2082	110	SF	B-geo-loc
2083	110	and	O
2084	110	San	B-geo-loc
2085	110	Mateo	I-geo-loc
2086	110	-CHANGE	O
2087	110	OF	O
2088	110	ROOM	O
2089	110	!	O
2090	111	-	O
2091	111	FATHER'S	O
2092	111	DAY	O
2093	111	auditions	O
2094	111	Sept	O
2095	111	25	O
2096	111	CANWEST	B-facility
2097	111	Center	I-facility
2098	111	for	O
2099	111	Theater	O
2100	111	and	O
2101	111	Film	O
2102	111	U	B-geo-loc
2103	111	of	I-geo-loc
2104	111	W	I-geo-loc
2105	111	ROOM	O
2106	111	0T15	O
2107	111	11:30	O
2108	111	am	O
2109	111	-	O
2110	111	4:00	O
2111	111	PM	O
2112	111	.	O
2113	112	Bloggers	O
2114	112	:	O
2115	112	Who	O
2116	112	are	O
2117	112	you	O
2118	112	writing	O
2119	112	for	O
2120	112	?	O
2121	113	|	O
2122	113	Social	O
2123	113	Media	O
2124	113	Today	O
2125	113	http://bit.ly/9mY0NK	O
2126	114	5	O
2127	114	Things	O
2128	114	You	O
2129	114	Need	O
2130	114	To	O
2131	114	Do	O
2132	114	Before	O
2133	114	Contacting	O
2134	114	A	O
2135	114	Professional	O
2136	114	Photographer	O
2137	114	http://goo.gl/fb/I7rBo	O
2138	115	#inourhead	O
2139	115	@Strigy	O
2140	115	got	O
2141	115	mine	O
2142	115	in	O
2143	115	bbt	O
2144	115	aintree	B-geo-loc
2145	115	today	O
2146	115	.	O
2147	116	Played	O
2148	116	table	O
2149	116	tennis	O
2150	116	on	O
2151	116	it	O
2152	116	in	O
2153	116	store	O
2154	116	!	O
2155	117	V	O
2156	117	impressed	O
2157	117	.	O
2158	118	Did	O
2159	118	you	O
2160	118	get	O
2161	118	analogue	O
2162	118	controller	O
2163	118	2	O
2164	118	?	O
2165	119	Balloon	O
2166	119	glowing	O
2167	119	?	O
2168	120	We'd	O
2169	120	love	O
2170	120	to	O
2171	120	see	O
2172	120	you	O
2173	120	before	O
2174	120	or	O
2175	120	after	O
2176	120	at	O
2177	120	Pi	B-geo-loc
2178	120	!	O
2179	121	CWE	B-geo-loc
2180	121	and	O
2181	121	Delmar	B-geo-loc
2182	121	are	O
2183	121	around	O
2184	121	the	O
2185	121	corner	O
2186	121	,	O
2187	121	Kirkwood	B-geo-loc
2188	121	&	O
2189	121	...	O
2190	122	http://fb.me/I6SZ52nW	O
2191	123	Have	O
2192	123	a	O
2193	123	practice	O
2194	123	session	O
2195	123	@Cromwell	O
2196	123	Field	O
2197	123	today	O
2198	123	at	O
2199	123	6pm	O
2200	123	.	O
2201	124	Hope	O
2202	124	i	O
2203	124	shine	O
2204	124	well	O
2205	124	and	O
2206	124	start	O
2207	124	the	O
2208	124	next	O
2209	124	game	O
2210	124	.	O
2211	125	:)	O
2212	125	@ConorMc_Ginty	O
2213	125	GaGa	B-person
2214	125	played	O
2215	125	here	O
2216	125	a	O
2217	125	few	O
2218	125	weeks	O
2219	125	back	O
2220	125	.	O
2221	126	She	O
2222	126	spoke	O
2223	126	out	O
2224	126	against	O
2225	126	SB1070	B-product
2226	126	during	O
2227	126	the	O
2228	126	show	O
2229	126	.	O
2230	127	God	O
2231	127	bless	O
2232	127	her	O
2233	127	for	O
2234	127	that	O
2235	127	.	O
2236	128	Still	O
2237	128	dislike	O
2238	128	Early	O
2239	128	Decision	O
2240	128	for	O
2241	128	most	O
2242	128	kids	O
2243	128	,	O
2244	128	but	O
2245	128	Early	O
2246	128	Action	O
2247	128	can	O
2248	128	be	O
2249	128	great	O
2250	128	when	O
2251	128	used	O
2252	128	thoughtfully	O
2253	128	.	O
2254	129	http://ow.ly/2G1Cn	O
2255	130	#admissions	O
2256	130	#colleges	O
2257	130	From	O
2258	130	Green	O
2259	130	Newsfeed	O
2260	130	:	O
2261	130	AHFA	B-other
2262	130	extends	O
2263	130	deadline	O
2264	130	for	O
2265	130	Sage	B-other
2266	130	Award	I-other
2267	130	to	O
2268	130	Nov	O
2269	130	.	O
2270	131	5	O
2271	131	http://tinyurl.com/24agj38	O
2272	132	just	O
2273	132	about	O
2274	132	off	O
2275	132	work	O
2276	132	!	O
2277	133	going	O
2278	133	to	O
2279	133	alderwood	B-geo-loc
2280	133	again	O
2281	133	:)	O
2282	133	yay	O
2283	133	.	O
2284	134	hopefully	O
2285	134	we	O
2286	134	got	O
2287	134	cody	O
2288	134	's	O
2289	134	ipod	B-product
2290	134	in	O
2291	134	the	O
2292	134	mail	O
2293	134	today	O
2294	134	.	O
2295	135	Adam	B-person
2296	135	Beyer	I-person
2297	135	:	O
2298	135	Swedish	O
2299	135	Techno	O
2300	135	Pioneer	O
2301	135	:	O
2302	135	When	O
2303	135	it	O
2304	135	comes	O
2305	135	to	O
2306	135	his	O
2307	135	own	O
2308	135	DJing	O
2309	135	and	O
2310	135	sound	O
2311	135	,	O
2312	135	he	O
2313	135	's	O
2314	135	slightly	O
2315	135	more	O
2316	135	diverse	O
2317	135	and	O
2318	135	likes	O
2319	135	...	O
2320	136	http://bit.ly/c1E0I1	O
2321	137	RT	O
2322	137	@RealJudgeJules	O
2323	137	:	O
2324	137	Playing	O
2325	137	the	O
2326	137	world	O
2327	137	exclusive	O
2328	137	of	O
2329	137	@SanderVanDoorn	O
2330	137	remix	O
2331	137	of	O
2332	137	@swedishousemfia	O
2333	137	-	O
2334	137	Miami	B-other
2335	137	2	I-other
2336	137	Ibiza	I-other
2337	137	on	O
2338	137	the	O
2339	137	show	O
2340	137	tonight	O
2341	137	.	O
2342	138	Tune	O
2343	138	i	O
2344	138	...	O
2345	139	ok	O
2346	139	bed	O
2347	139	time	O
2348	139	.	O
2349	140	I	O
2350	140	think	O
2351	140	i'ma	O
2352	140	curl	O
2353	140	up	O
2354	140	and	O
2355	140	watch	O
2356	140	Sabrina	B-tvshow
2357	140	!!!	O
2358	141	Thanks	O
2359	141	@louisha	O
2360	141	!!!	O
2361	142	x	O
2362	142	RT	O
2363	142	@PolarBeverages	O
2364	142	:	O
2365	142	Before	O
2366	142	Hurricane	B-other
2367	142	Earl	I-other
2368	142	comes	O
2369	142	,	O
2370	142	stock	O
2371	142	up	O
2372	142	on	O
2373	142	Polar	O
2374	142	Orange	O
2375	142	Dry	O
2376	142	!	O
2377	143	:)	O
2378	143	DJ	O
2379	143	set	O
2380	143	at	O
2381	143	The	B-facility
2382	143	Standard	I-facility
2383	143	in	O
2384	143	LA	B-geo-loc
2385	143	tonight	O
2386	143	!	O
2387	144	http://fb.me/I91IUaEq	O
2388	145	@justinbieber	O
2389	145	I	O
2390	145	have	O
2391	145	chance	O
2392	145	with	O
2393	145	you	O
2394	145	?	O
2395	146	webcam	O
2396	146	enters	O
2397	146	Sunday	O
2398	146	7:00	O
2399	146	pm	O
2400	146	?	O
2401	147	please	O
2402	147	?	O
2403	148	to	O
2404	148	talk	O
2405	148	right	O
2406	148	!	O
2407	149	kisses	O
2408	149	on	O
2409	149	the	O
2410	149	chin	O
2411	149	...	O
2412	150	four	O
2413	150	fucking	O
2414	150	years	O
2415	150	I	O
2416	150	've	O
2417	150	been	O
2418	150	configuring	O
2419	150	iBGP	B-other
2420	150	and	O
2421	150	eBGP	B-other
2422	150	on	O
2423	150	Cisco	B-company
2424	150	AND	O
2425	150	Juniper	B-company
2426	150	routers	O
2427	150	for	O
2428	150	America	B-geo-loc
2429	150	's	O
2430	150	largest	O
2431	150	wireless	O
2432	150	ISP	O
2433	150	...	O
2434	151	and	O
2435	151	I	O
2436	151	get	O
2437	151	a	O
2438	151	612	O
2439	151	#sp	O
2440	151	Facebook	B-company
2441	151	Job-Hunting	O
2442	151	App	O
2443	151	BranchOut	B-product
2444	151	Raises	O
2445	151	$6	O
2446	151	Million	O
2447	151	From	O
2448	151	Accel	B-company
2449	151	And	O
2450	151	Super	O
2451	151	Angels	O
2452	151	:	O
2453	151	When	O
2454	151	you	O
2455	151	want	O
2456	151	to	O
2457	151	hang	O
2458	151	out	O
2459	151	...	O
2460	152	http://migre.me/1kO1K	O
2461	153	CyberNation	O
2462	153	Sky	B-company
2463	153	3D	I-company
2464	153	enlists	O
2465	153	Stephen	B-person
2466	153	Fry	I-person
2467	153	to	O
2468	153	explain	O
2469	153	the	O
2470	153	technology	O
2471	153	ahead	O
2472	153	of	O
2473	153	its	O
2474	153	October	O
2475	153	1	O
2476	153	launch	O
2477	153	(	O
2478	153	video)	O
2479	153	:	O
2480	153	With	O
2481	153	the	O
2482	153	o	O
2483	153	...	O
2484	153	http://bit.ly/aWoRmo	O
2485	153	@lauraluanabeth	O
2486	153	'll	O
2487	153	be	O
2488	153	back	O
2489	153	in	O
2490	153	LA	B-geo-loc
2491	153	tomorrow	O
2492	153	night	O
2493	153	!	O
2494	153	yaaaay	O
2495	153	!	O
2496	153	Was	O
2497	153	hard	O
2498	153	work	O
2499	153	going	O
2500	153	to	O
2501	153	the	O
2502	153	gym	O
2503	153	on	O
2504	153	my	O
2505	153	own	O
2506	153	tonight	O
2507	153	but	O
2508	153	managed	O
2509	153	a	O
2510	153	30	O
2511	153	min	O
2512	153	run	O
2513	153	and	O
2514	153	plenty	O
2515	153	of	O
2516	153	weights	O
2517	153	.	O
2518	153	Catching	O
2519	153	up	O
2520	153	on	O
2521	153	ufc	B-company
2522	153	now	O
2523	153	Let	O
2524	153	's	O
2525	153	go	O
2526	153	to	O
2527	153	New	B-geo-loc
2528	153	York	I-geo-loc
2529	153	tomorrow	O
2530	153	with	O
2531	153	Blakehurst	B-other
2532	153	.	O
2533	153	Contact	O
2534	153	us	O
2535	153	about	O
2536	153	your	O
2537	153	fall/winter	O
2538	153	trave	O
2539	153	@	O
2540	153	410-336-3234	O
2541	153	A	O
2542	153	week	O
2543	153	in	O
2544	153	New	B-geo-loc
2545	153	Jersey	I-geo-loc
2546	153	,	O
2547	153	of	O
2548	153	all	O
2549	153	places	O
2550	153	,	O
2551	153	and	O
2552	153	I	O
2553	153	never	O
2554	153	want	O
2555	153	to	O
2556	153	hear	O
2557	153	a	O
2558	153	*Boston*	B-geo-loc
2559	153	accent	O
2560	153	again	O
2561	153	.	O
2562	153	Preventing	O
2563	153	Public	O
2564	153	Health	O
2565	153	Disasters	O
2566	153	[	O
2567	153	The	O
2568	153	Pump	O
2569	153	Handle]	O
2570	153	:	O
2571	153	Earlier	O
2572	153	this	O
2573	153	week	O
2574	153	,	O
2575	153	FDA	B-other
2576	153	Commissioner	O
2577	153	Margaret	B-person
2578	153	Hamburg	I-person
2579	153	present	O
2580	153	...	O
2581	153	http://bit.ly/9i1AEg	O
2582	153	Halo	B-product
2583	153	Reach	I-product
2584	153	was	O
2585	153	a	O
2586	153	bit	O
2587	153	crap	O
2588	153	tonight	O
2589	153	#BlackHoliday	O
2590	153	Marvin	B-person
2591	153	Gaye	I-person
2592	153	Day	O
2593	153	'Come	O
2594	153	to	O
2595	153	""""	O
2596	153	MRB	B-other
2597	153	@	I-other
2598	153	61	I-other
2599	153	Roadhouse	I-other
2600	153	BBQ	I-other
2601	153	""""	O
2602	153	Sunday	O
2603	153	,	O
2604	153	October	O
2605	153	10	O
2606	153	from	O
2607	153	12:00	O
2608	153	pm	O
2609	153	to	O
2610	153	4:00	O
2611	153	pm	O
2612	153	.	O
2613	153	We	O
2614	153	are	O
2615	153	playing	O
2616	153	for	O
2617	153	the	O
2618	153	61	O
2619	153	Roadhouse	O
2620	153	...	O
2621	153	http://fb.me/G1FbJGw1'	O
2622	153	Day	O
2623	153	at	O
2624	153	T	O
2625	153	.	O
2626	153	epic	O
2627	153	interview	O
2628	153	and	O
2629	153	photo	O
2630	153	shoot	O
2631	153	with	O
2632	153	Marie	B-company
2633	153	Clair	I-company
2634	153	.	O
2635	153	@OHEMMGEEZY	O
2636	153	You	O
2637	153	all	O
2638	153	need	O
2639	153	to	O
2640	153	know	O
2641	153	justin	B-person
2642	153	isnt	O
2643	153	the	O
2644	153	innocent	O
2645	153	16	O
2646	153	year	O
2647	153	old	O
2648	153	boy	O
2649	153	you	O
2650	153	think	O
2651	153	he	O
2652	153	is	O
2653	153	he	O
2654	153	has	O
2655	153	to	O
2656	153	be	O
2657	153	like	O
2658	153	that	O
2659	153	and	O
2660	153	'	O
2661	153	love	O
2662	153	'	O
2663	153	his	O
2664	153	fans	O
2665	153	so	O
2666	153	...	O
2667	153	Soulja	B-person
2668	153	Boy	I-person
2669	153	|	O
2670	153	TheDeAndreWay	O
2671	153	.	O
2672	153	com	O
2673	153	-	O
2674	153	The	O
2675	153	DeAndre	O
2676	153	Way	O
2677	153	in	O
2678	153	stores	O
2679	153	Nov	O
2680	153	.	O
2681	153	2	O
2682	153	,	O
2683	153	2010	O
2684	153	http://t.co/woAiLlZ	O
2685	153	via	O
2686	153	@SouljaBoy	O
2687	153	Is	O
2688	153	Joaquin	B-person
2689	153	Phoenix	I-person
2690	153	Our	O
2691	153	Modern	O
2692	153	Day	O
2693	153	Andy	B-person
2694	153	Kaufman	I-person
2695	153	?:	O
2696	153	...	O
2697	153	the	O
2698	153	bizarre	O
2699	153	events	O
2700	153	leading	O
2701	153	up	O
2702	153	to	O
2703	153	this	O
2704	153	moment	O
2705	153	,	O
2706	153	the	O
2707	153	movie	O
2708	153	could	O
2709	153	...	O
2710	153	http://bit.ly/aUZ2on	O
2711	153	I	O
2712	153	like	O
2713	153	@SouljaBoy	O
2714	153	songs	O
2715	153	after	O
2716	153	a	O
2717	153	few	O
2718	153	drinks	O
2719	153	800	O
2720	153	miles	O
2721	153	to	O
2722	153	see	O
2723	153	clients	O
2724	153	,	O
2725	153	3	O
2726	153	ACC	O
2727	153	candidate/commissioner	O
2728	153	meetings	O
2729	153	,	O
2730	153	big	O
2731	153	press	O
2732	153	release	O
2733	153	,	O
2734	153	making	O
2735	153	it	O
2736	153	to	O
2737	153	Friday	O
2738	153	..	O
2739	153	PRICELESS	O
2740	153	!	O
2741	153	@Zerinaakers	O
2742	153	talking	O
2743	153	about	O
2744	153	as	O
2745	153	far	O
2746	153	as	O
2747	153	shooting	O
2748	153	for	O
2749	153	location	O
2750	153	its	O
2751	153	going	O
2752	153	to	O
2753	153	be	O
2754	153	on	O
2755	153	#Vh1	B-company
2756	153	so	O
2757	153	by	O
2758	153	the	O
2759	153	end	O
2760	153	of	O
2761	153	the	O
2762	153	month	O
2763	153	i	O
2764	153	should	O
2765	153	know	O
2766	153	something	O
2767	153	Branching	O
2768	153	out	O
2769	153	from	O
2770	153	Lincoln	B-product
2771	153	park	I-product
2772	153	after	I-product
2773	153	dark	I-product
2774	153	...	O
2775	153	Hello	O
2776	153	""""	O
2777	153	Russian	B-product
2778	153	navy	I-product
2779	153	""""	O
2780	153	it	O
2781	153	's	O
2782	153	like	O
2783	153	the	O
2784	153	same	O
2785	153	thing	O
2786	153	but	O
2787	153	with	O
2788	153	glitter	O
2789	153	!	O
2790	153	@jackjohnson	O
2791	153	where	O
2792	153	can	O
2793	153	I	O
2794	153	get	O
2795	153	the	O
2796	153	official	O
2797	153	set	O
2798	153	list	O
2799	153	to	O
2800	153	the	O
2801	153	show	O
2802	153	at	O
2803	153	Berkeley	B-geo-loc
2804	153	in	O
2805	153	Oct	O
2806	153	6th	O
2807	153	?!	O
2808	153	LOL	O
2809	153	A-W-E-S-O-M-E	O
2810	153	!!	O
2811	153	btw	O
2812	153	,	O
2813	153	totally	O
2814	153	agree	O
2815	153	RT	O
2816	153	@fanoffob	O
2817	153	Fall	B-musicartist
2818	153	Out	I-musicartist
2819	153	Boy	I-musicartist
2820	153	is	O
2821	153	gay	O
2822	153	#reallymeans	O
2823	153	I	O
2824	153	'm	O
2825	153	secretly	O
2826	153	a	O
2827	153	big	O
2828	153	time	O
2829	153	fan	O
2830	153	.	O
2831	153	[	O
2832	153	GigaOM	O
2833	153	]	O
2834	153	DRM	O
2835	153	FAIL	O
2836	153	:	O
2837	153	Five	O
2838	153	Broken	O
2839	153	Copy	O
2840	153	Protection	O
2841	153	Schemes	O
2842	153	:	O
2843	153	This	O
2844	153	week	O
2845	153	,	O
2846	153	we	O
2847	153	learned	O
2848	153	that	O
2849	153	the	O
2850	153	HDCP	O
2851	153	copy	O
2852	153	protection	O
2853	153	scheme	O
2854	153	...	O
2855	153	http://bit.ly/blWf0e	O
2856	153	OMG	O
2857	153	!	O
2858	153	Miley	B-person
2859	153	Cyrus	I-person
2860	153	Has	O
2861	153	A	O
2862	153	14-Year-Old	O
2863	153	Stalker	O
2864	153	!:	O
2865	153	First	O
2866	153	Paris	B-person
2867	153	Hilton	I-person
2868	153	,	O
2869	153	now	O
2870	153	Miley	B-person
2871	153	Cyrus	I-person
2872	153	!	O
2873	153	Cops	O
2874	153	responded	O
2875	153	to	O
2876	153	a	O
2877	153	break	O
2878	153	in	O
2879	153	cal	O
2880	153	...	O
2881	153	http://bit.ly/cd6OPC	O
2882	153	@MikePortnoy	O
2883	153	I	O
2884	153	got	O
2885	153	slapped	O
2886	153	in	O
2887	153	the	O
2888	153	face	O
2889	153	the	O
2890	153	other	O
2891	153	day	O
2892	153	by	O
2893	153	a	O
2894	153	few	O
2895	153	DT	B-musicartist
2896	153	fans	O
2897	153	because	O
2898	153	I	O
2899	153	said	O
2900	153	you	O
2901	153	were	O
2902	153	awesome	O
2903	153	for	O
2904	153	joining	O
2905	153	A7X	O
2906	153	.	O
2907	153	So	O
2908	153	worth	O
2909	153	it	O
2910	153	.	O
2911	153	foREVer	O
2912	153	!	O
2913	153	#MedicalJobs	O
2914	153	CT/Rad	O
2915	153	Tech	O
2916	153	-	O
2917	153	PRN	O
2918	153	:	O
2919	153	TX-Fort	O
2920	153	Worth	O
2921	153	,	O
2922	153	When	O
2923	153	physicians	O
2924	153	own	O
2925	153	the	O
2926	153	hospital	O
2927	153	,	O
2928	153	the	O
2929	153	latest	O
2930	153	advances	O
2931	153	in	O
2932	153	medical	O
2933	153	s	O
2934	153	...	O
2935	153	http://bit.ly/cVPhNE	O
2936	153	I	O
2937	153	have	O
2938	153	a	O
2939	153	strong	O
2940	153	hunch	O
2941	153	Adam	B-person
2942	153	will	O
2943	153	be	O
2944	153	a	O
2945	153	story	O
2946	153	on	O
2947	153	TMZ	B-tvshow
2948	153	tonight	O
2949	153	.	O
2950	153	Gulp	O
2951	153	.	O
2952	153	Rep	O
2953	153	.	O
2954	153	Bono	B-person
2955	153	Mack	I-person
2956	153	to	O
2957	153	criticize	O
2958	153	fellow	O
2959	153	desert	O
2960	153	dweller	O
2961	153	Barbara	B-person
2962	153	Boxer	I-person
2963	153	at	O
2964	153	event	O
2965	153	today	O
2966	153	.	O
2967	153	http://tinyurl.com/2bhyuq7	O
2968	153	LIVESTRONG	B-other
2969	153	Day	I-other
2970	153	is	O
2971	153	10-02-10	O
2972	153	around	O
2973	153	the	O
2974	153	world	O
2975	153	.	O
2976	153	Apparently	O
2977	153	40	O
2978	153	days	O
2979	153	,	O
2980	153	1	O
2981	153	hour	O
2982	153	,	O
2983	153	49	O
2984	153	mins	O
2985	153	and	O
2986	153	36	O
2987	153	seconds	O
2988	153	to	O
2989	153	Doha	B-geo-loc
2990	153	....	O
2991	153	It	O
2992	153	's	O
2993	153	official	O
2994	153	.	O
2995	153	Next	O
2996	153	book	O
2997	153	club	O
2998	153	selection	O
2999	153	is	O
3000	153	""""	O
3001	153	Not	B-other
3002	153	a	I-other
3003	153	Genuine	I-other
3004	153	Black	I-other
3005	153	Man	I-other
3006	153	""""	O
3007	153	by	O
3008	153	@BrianCopie	O
3009	153	I	O
3010	153	saw	O
3011	153	the	O
3012	153	show	O
3013	153	a	O
3014	153	few	O
3015	153	years	O
3016	153	ago	O
3017	153	and	O
3018	153	it	O
3019	153	was	O
3020	153	fantastic	O
3021	153	.	O
3022	153	Buffs	O
3023	153	FB	O
3024	153	:	O
3025	153	Giddings	B-geo-loc
3026	153	faces	O
3027	153	Elgin	B-geo-loc
3028	153	tonite	O
3029	153	@	O
3030	153	Wildcat	B-facility
3031	153	Stadium	I-facility
3032	153	@	O
3033	153	7:30	O
3034	153	.	O
3035	153	The	B-sportsteam
3036	153	Buffs	I-sportsteam
3037	153	will	O
3038	153	try	O
3039	153	to	O
3040	153	re-group	O
3041	153	after	O
3042	153	two	O
3043	153	straight	O
3044	153	losses	O
3045	153	.	O
3046	153	Updates	O
3047	153	on	O
3048	153	LCL	B-company
3049	153	@angelajames	O
3050	153	@roxannestclaire	O
3051	153	I	O
3052	153	have	O
3053	153	n't	O
3054	153	tried	O
3055	153	MAC	B-company
3056	153	.	O
3057	153	Next	O
3058	153	time	O
3059	153	!	O
3060	153	super	B-product
3061	153	nintendo	I-product
3062	153	sega	B-product
3063	153	genesis	I-product
3064	153	,	O
3065	153	when	O
3066	153	i	O
3067	153	was	O
3068	153	dead	O
3069	153	broke	O
3070	153	man	O
3071	153	i	O
3072	153	couldn't	O
3073	153	picture	O
3074	153	this	O
3075	153	!	O
3076	153	#nowplaying	O
3077	153	Juicy	O
3078	153	by	O
3079	153	Biggie	O
3080	153	watching	O
3081	153	the	O
3082	153	VMA	B-tvshow
3083	153	pre-show	O
3084	153	again	O
3085	153	lol	O
3086	153	it	O
3087	153	was	O
3088	153	n't	O
3089	153	even	O
3090	153	a	O
3091	153	good	O
3092	153	show	O
3093	153	the	O
3094	153	first	O
3095	153	time	O
3096	153	...	O
3097	153	so	O
3098	153	bored	O
3099	153	!	O
3100	153	Haven't	O
3101	153	tweeted	O
3102	153	since	O
3103	153	june	O
3104	153	wow	O
3105	153	.......................	O
3106	153	but	O
3107	153	I	O
3108	153	did	O
3109	153	get	O
3110	153	a	O
3111	153	facebook	B-company
3112	153	so	O
3113	153	who	O
3114	153	cares	O
3115	153	about	O
3116	153	twitter	B-company
3117	153	RT	O
3118	153	@KarlaRay	O
3119	153	:	O
3120	153	What	O
3121	153	a	O
3122	153	day	O
3123	153	in	O
3124	153	#Collier	O
3125	153	!	O
3126	153	Watch	O
3127	153	@NBC2	O
3128	153	at	O
3129	153	6	O
3130	153	for	O
3131	153	details	O
3132	153	on	O
3133	153	the	O
3134	153	latest	O
3135	153	growhouse	O
3136	153	bust	O
3137	153	and	O
3138	153	the	O
3139	153	county	O
3140	153	's	O
3141	153	first-ever	O
3142	153	West	O
3143	153	Nile	O
3144	153	d	O
3145	153	...	O
3146	153	30	O
3147	153	Mosques	O
3148	153	in	O
3149	153	30	O
3150	153	Days	O
3151	153	:	O
3152	153	A	O
3153	153	Trip	O
3154	153	Through	O
3155	153	Islamic	O
3156	153	America	O
3157	153	http://dlvr.it/5RdYv	O
3158	153	Best	O
3159	153	#free	O
3160	153	#livemusic	O
3161	153	in	O
3162	153	#Denver	B-geo-loc
3163	153	tonight	O
3164	153	with	O
3165	153	the	O
3166	153	return	O
3167	153	of	O
3168	153	Breaking	B-musicartist
3169	153	&	I-musicartist
3170	153	Entering	I-musicartist
3171	153	.	O
3172	153	Be	O
3173	153	sure	O
3174	153	to	O
3175	153	come	O
3176	153	down	O
3177	153	to	O
3178	153	Hi	B-facility
3179	153	Pac	I-facility
3180	153	and	O
3181	153	check	O
3182	153	it	O
3183	153	out	O
3184	153	!	O
3185	153	3	O
3186	153	tour	O
3187	153	coaches	O
3188	153	with	O
3189	153	a	O
3190	153	police	O
3191	153	escort	O
3192	153	in	O
3193	153	Chapel	B-geo-loc
3194	153	Hill	I-geo-loc
3195	153	...	O
3196	153	game	O
3197	153	tonight	O
3198	153	?	O
3199	153	@SoccerByIves	O
3200	153	Let	O
3201	153	's	O
3202	153	hope	O
3203	153	the	O
3204	153	Serie	B-other
3205	153	A	I-other
3206	153	continues	O
3207	153	to	O
3208	153	be	O
3209	153	on	O
3210	153	the	O
3211	153	tv	O
3212	153	schedule	O
3213	153	next	O
3214	153	week	O
3215	153	.	O
3216	153	This	O
3217	153	strike	O
3218	153	has	O
3219	153	fans	O
3220	153	of	O
3221	153	Calcio	B-geo-loc
3222	153	worried	O
3223	153	....	O
3224	153	I	O
3225	153	just	O
3226	153	took	O
3227	153	""""	O
3228	153	After	O
3229	153	getting	O
3230	153	trampled	O
3231	153	at	O
3232	153	a	O
3233	153	Justin	B-person
3234	153	Bieber	I-person
3235	153	concert	O
3236	153	,	O
3237	153	yoiu	O
3238	153	wake	O
3239	153	up	O
3240	153	and	O
3241	153	"..."""	O
3242	153	and	O
3243	153	got	O
3244	153	:	O
3245	153	Part	O
3246	153	6	O
3247	153	:)	O
3248	153	!	O
3249	153	Try	O
3250	153	it	O
3251	153	:	O
3252	153	http://tinyurl.com/233u5lu	O
3253	153	anyone	O
3254	153	else	O
3255	153	ever	O
3256	153	have	O
3257	153	a	O
3258	153	problem	O
3259	153	moving	O
3260	153	a	O
3261	153	Hyper	B-other
3262	153	V	I-other
3263	153	guest	O
3264	153	from	O
3265	153	a	O
3266	153	server	B-product
3267	153	2008	I-product
3268	153	to	O
3269	153	server	B-product
3270	153	2008	I-product
3271	153	R2	I-product
3272	153	host	O
3273	153	?	O
3274	153	Having	O
3275	153	strange	O
3276	153	lock	O
3277	153	up	O
3278	153	after	O
3279	153	the	O
3280	153	move	O
3281	153	..	O
3282	153	@jaredleto	O
3283	153	...	O
3284	153	ive	O
3285	153	been	O
3286	153	to	O
3287	153	13	O
3288	153	30stm	B-musicartist
3289	153	concerts	O
3290	153	now	O
3291	153	and	O
3292	153	you	O
3293	153	never	O
3294	153	got	O
3295	153	me	O
3296	153	on	O
3297	153	stage	O
3298	153	during/before	O
3299	153	kings	B-musicartist
3300	153	and	I-musicartist
3301	153	queens	I-musicartist
3302	153	:(	O
3303	153	Time	B-company
3304	153	Warner	I-company
3305	153	Cable	I-company
3306	153	Boycotting	O
3307	153	Epix	B-other
3308	153	Movie	I-other
3309	153	Channel	I-other
3310	153	Because	O
3311	153	It	O
3312	153	Did	O
3313	153	A	O
3314	153	Deal	O
3315	153	With	O
3316	153	Netflix	B-company
3317	153	http://dlvr.it/5RgcL	O
3318	153	RT	O
3319	153	@TRAEABN	O
3320	153	Headed	O
3321	153	to	O
3322	153	Shreveport	B-geo-loc
3323	153	then	O
3324	153	Lake	B-geo-loc
3325	153	Charles	I-geo-loc
3326	153	-might	O
3327	153	as	O
3328	153	well	O
3329	153	shoot	O
3330	153	through	O
3331	153	dat	O
3332	153	#BMT	O
3333	153	after	O
3334	153	the	O
3335	153	slab	O
3336	153	show	O
3337	153	in	O
3338	153	Lake	B-geo-loc
3339	153	Charles	I-geo-loc
3340	153	..	O
3341	153	Bestfriend	O
3342	153	HouseTonight	O
3343	153	Til	O
3344	153	Sunday	O
3345	153	Route	O
3346	153	66	O
3347	153	Tomarrow	O
3348	153	Wit	O
3349	153	The	O
3350	153	Cuhzans	O
3351	153	,	O
3352	153	Bestfriend<Ride	O
3353	153	Or	O
3354	153	Die	O
3355	153	.	O
3356	153	Fuxx	O
3357	153	Widd	O
3358	153	IHT	O
3359	153	MODEL'$$	O
3360	153	Repp	O
3361	153	:)	O
3362	153	RT	O
3363	153	@robmoysey	O
3364	153	Eyeopener	B-sportsteam
3365	153	vs	O
3366	153	.	O
3367	153	Ryerson	B-sportsteam
3368	153	Quidditch	I-sportsteam
3369	153	team	O
3370	153	this	O
3371	153	Sunday	O
3372	153	at	O
3373	153	4	O
3374	153	p.m.	O
3375	153	Anyone	O
3376	153	know	O
3377	153	where	O
3378	153	to	O
3379	153	get	O
3380	153	cheap	O
3381	153	brooms	O
3382	153	?	O
3383	153	#Ryerson	O
3384	153	@RUQuidditch	O
3385	153	#Rams	O
3386	153	Lots	O
3387	153	of	O
3388	153	Merlot	B-product
3389	153	on	O
3390	153	Thursday	O
3391	153	night	O
3392	153	means	O
3393	153	tired	O
3394	153	London	O
3395	153	Ladies	O
3396	153	are	O
3397	153	in	O
3398	153	bed	O
3399	153	by	O
3400	153	23.19	O
3401	153	on	O
3402	153	the	O
3403	153	Friday	O
3404	153	.	O
3405	153	Listening	O
3406	153	to	O
3407	153	the	O
3408	153	arts	O
3409	153	show	O
3410	153	on	O
3411	153	@BBCRadio4	O
3412	153	.	O
3413	153	@chrislhayes	O
3414	153	That	O
3415	153	's	O
3416	153	nothing	O
3417	153	compared	O
3418	153	to	O
3419	153	the	O
3420	153	LaserDiscs	O
3421	153	I	O
3422	153	picked	O
3423	153	up	O
3424	153	at	O
3425	153	goodwill	O
3426	153	the	O
3427	153	other	O
3428	153	day	O
3429	153	.	O
3430	153	Completely	O
3431	153	useless	O
3432	153	those	O
3433	153	.	O
3434	153	Really	O
3435	153	hope	O
3436	153	I	O
3437	153	can	O
3438	153	get	O
3439	153	to	O
3440	153	@glasgowfilm	O
3441	153	for	O
3442	153	Winter	B-movie
3443	153	's	I-movie
3444	153	Bone	I-movie
3445	153	-	O
3446	153	need	O
3447	153	to	O
3448	153	get	O
3449	153	on	O
3450	153	with	O
3451	153	job	O
3452	153	applications	O
3453	153	tonight	O
3454	153	then	O
3455	153	!	O
3456	153	Trailer	O
3457	153	:	O
3458	153	http://bit.ly/bhUlum	O
3459	153	DITR	O
3460	153	REI	O
3461	153	Update	O
3462	153	:	O
3463	153	California	B-geo-loc
3464	153	Home	O
3465	153	Sales	O
3466	153	Decline	O
3467	153	Year-Over-Year	O
3468	153	:	O
3469	153	By	O
3470	153	Michael	B-person
3471	153	Kraus	I-person
3472	153	on	O
3473	153	September	O
3474	153	17	O
3475	153	...	O
3476	153	http://bit.ly/96Zavf	O
3477	153	#realestate	O
3478	153	#invest	O
3479	153	Why	O
3480	153	do	O
3481	153	that	O
3482	153	to	O
3483	153	begin	O
3484	153	with	O
3485	153	?	O
3486	153	lols	O
3487	153	.	O
3488	153	@mggykills	O
3489	153	@dieSIBdie	O
3490	153	When	O
3491	153	on	O
3492	153	vacation	O
3493	153	in	O
3494	153	Cebu	B-geo-loc
3495	153	,	O
3496	153	you	O
3497	153	do	O
3498	153	not	O
3499	153	sniff	O
3500	153	your	O
3501	153	roommate	O
3502	153	's	O
3503	153	boxers	O
3504	153	.	O
3505	153	#rulesbetweenmen	O
3506	153	RT	O
3507	153	@PLLGirls	O
3508	153	:	O
3509	153	Episodes	O
3510	153	1-10	O
3511	153	of	O
3512	153	Pretty	B-tvshow
3513	153	Little	I-tvshow
3514	153	Liars	I-tvshow
3515	153	will	O
3516	153	air	O
3517	153	in	O
3518	153	the	O
3519	153	UK	B-geo-loc
3520	153	on	O
3521	153	October	O
3522	153	18	O
3523	153	!	O
3524	153	Playboy	B-company
3525	153	-	O
3526	153	10	O
3527	153	October	O
3528	153	2010	O
3529	153	Slovenia	B-geo-loc
3530	153	:	O
3531	153	Playboy	B-company
3532	153	-	O
3533	153	10	O
3534	153	October	O
3535	153	2010	O
3536	153	SloveniaSlovene	O
3537	153	|	O
3538	153	138	O
3539	153	pages	O
3540	153	|	O
3541	153	PDF	O
3542	153	|	O
3543	153	39.45	O
3544	153	Mb	O
3545	153	http://bit.ly/aJILb4	O
3546	153	Looking	O
3547	153	for	O
3548	153	something	O
3549	153	to	O
3550	153	do	O
3551	153	tonight	O
3552	153	?	O
3553	153	Samuel	B-person
3554	153	Savoirfaire	I-person
3555	153	Williams	I-person
3556	153	at	O
3557	153	Potbelly	B-facility
3558	153	Lincoln	I-facility
3559	153	Park	I-facility
3560	153	in	O
3561	153	Chicago	B-geo-loc
3562	153	,	O
3563	153	IL	B-geo-loc
3564	153	http://bit.ly/bKMFgi	O
3565	153	@LesColyer	O
3566	153	Who	O
3567	153	do	O
3568	153	you	O
3569	153	film	O
3570	153	for	O
3571	153	?	O
3572	153	I	O
3573	153	was	O
3574	153	on	O
3575	153	SKY	B-other
3576	153	news	I-other
3577	153	2	O
3578	153	weeks	O
3579	153	ago	O
3580	153	#checkmeout	O
3581	153	BORDER	B-musicartist
3582	153	LINEA	I-musicartist
3583	153	IS	O
3584	153	TONIGHT	O
3585	153	!	O
3586	153	9	O
3587	153	p.m.	O
3588	153	to	O
3589	153	2	O
3590	153	a.m.	O
3591	153	NO	O
3592	153	COVER	O
3593	153	.	O
3594	153	Come	O
3595	153	by	O
3596	153	and	O
3597	153	see	O
3598	153	local	O
3599	153	musicians	O
3600	153	and	O
3601	153	artists	O
3602	153	showcased	O
3603	153	at	O
3604	153	Limelight	B-facility
3605	153	on	O
3606	153	St	B-geo-loc
3607	153	.	I-geo-loc
3608	153	Mary's.	I-geo-loc
3609	153	I	O
3610	153	've	O
3611	153	got	O
3612	153	a	O
3613	153	theory	O
3614	153	that	O
3615	153	if	O
3616	153	you	O
3617	153	give	O
3618	153	100%	O
3619	153	all	O
3620	153	of	O
3621	153	the	O
3622	153	time	O
3623	153	,	O
3624	153	somehow	O
3625	153	things	O
3626	153	will	O
3627	153	work	O
3628	153	out	O
3629	153	in	O
3630	153	the	O
3631	153	end	O
3632	153	.	O
3633	153	-Larry	B-person
3634	153	Bird	I-person
3635	153	preciso	O
3636	153	de	O
3637	153	um	O
3638	153	BG	O
3639	153	do	O
3640	153	all	O
3641	153	time	O
3642	153	low	O
3643	153	ou	O
3644	153	do	O
3645	153	the	O
3646	153	maine	O
3647	153	(	O
3648	153	:	O
3649	153	Good	O
3650	153	golly	O
3651	153	.	O
3652	153	Who	O
3653	153	left	O
3654	153	the	O
3655	153	candy	O
3656	153	in	O
3657	153	the	O
3658	153	lunchroom	O
3659	153	.	O
3660	153	May	O
3661	153	set	O
3662	153	a	O
3663	153	world	O
3664	153	record	O
3665	153	for	O
3666	153	the	O
3667	153	most	O
3668	153	Sour	B-product
3669	153	Patch	I-product
3670	153	kids	I-product
3671	153	eaten	O
3672	153	by	O
3673	153	an	O
3674	153	individual	O
3675	153	!	O
3676	153	Football	O
3677	153	game	O
3678	153	tonight	O
3679	153	with	O
3680	153	mariaelena	B-person
3681	153	,	O
3682	153	sarah	B-person
3683	153	,	O
3684	153	and	O
3685	153	brittany	B-person
3686	153	!	O
3687	153	Mood	O
3688	153	:	O
3689	153	excited	O
3690	153	!!	O
3691	153	GOO	O
3692	153	WB	B-sportsteam
3693	153	WILDCATS	I-sportsteam
3694	153	!	O
3695	153	I	O
3696	153	called	O
3697	153	my	O
3698	153	sister	O
3699	153	and	O
3700	153	she	O
3701	153	asked	O
3702	153	why	O
3703	153	i	O
3704	153	want	O
3705	153	a	O
3706	153	mcdonalds	B-company
3707	153	at	O
3708	153	this	O
3709	153	time	O
3710	153	of	O
3711	153	nigh	O
3712	153	t.i	O
3713	153	said	O
3714	153	'	O
3715	153	blame	O
3716	153	rose	B-person
3717	153	'	O
3718	153	she	O
3719	153	said	O
3720	153	'	O
3721	153	who	O
3722	153	's	O
3723	153	rose	B-person
3724	153	?'	O
3725	153	lmao	O
3726	153	Blades	B-sportsteam
3727	153	trade	O
3728	153	Travis	B-person
3729	153	Toomey	I-person
3730	153	to	O
3731	153	Seattle	B-geo-loc
3732	153	for	O
3733	153	4th	O
3734	153	Rd	O
3735	153	Pick	O
3736	153	in	O
3737	153	'	O
3738	153	11	B-other
3739	153	Bantam	I-other
3740	153	Draft	I-other
3741	153	.	O
3742	153	7	O
3743	153	20-year	O
3744	153	olds	O
3745	153	remain	O
3746	153	.	O
3747	153	#yxe	O
3748	153	#Blades	O
3749	153	#WHL	O
3750	153	RT	O
3751	153	@JR_Swish	O
3752	153	:	O
3753	153	Every	O
3754	153	time	O
3755	153	I	O
3756	153	look	O
3757	153	@NICKIMINAJ	O
3758	153	I	O
3759	153	just	O
3760	153	be	O
3761	153	lost	O
3762	153	for	O
3763	153	words	O
3764	153	damn	O
3765	153	!	O
3766	153	#shhhhhhh	O
3767	153	Kid	B-person
3768	153	Cudi	I-person
3769	153	Opens	O
3770	153	Up	O
3771	153	About	O
3772	153	Cocaine	O
3773	153	Use	O
3774	153	,	O
3775	153	Failed	O
3776	153	Lady	O
3777	153	Gaga	O
3778	153	Tour	O
3779	153	:	O
3780	153	by	O
3781	153	Mariel	B-person
3782	153	Concepcion	I-person
3783	153	,	O
3784	153	NY	B-geo-loc
3785	153	|	O
3786	153	September	O
3787	153	1	O
3788	153	...	O
3789	153	http://bit.ly/cZWGDi	O
3790	153	Now	O
3791	153	off	O
3792	153	for	O
3793	153	Sushi	O
3794	153	before	O
3795	153	Sundown	O